Date,Returns
2020-01-01,0.013916988764378602
2020-01-02,-0.010310293219600983
2020-01-03,0.01178065599211037
2020-01-04,0.0015572222372922048
2020-01-05,0.006064847309849568
2020-01-06,0.007564577637768091
2020-01-07,0.00547756682237222
2020-01-08,-0.0030462969396968134
2020-01-09,0.0001279401741929305
2020-01-10,-0.0011439778914221395
2020-01-11,0.003589552538238312
2020-01-12,0.01396806649644988
2020-01-13,-0.008605244424252038
2020-01-14,0.008390148972296459
2020-01-15,0.02316088007991142
2020-01-16,0.0012998063453502115
2020-01-17,0.016504771798483482
2020-01-18,0.007868167510752665
2020-01-19,-0.0023146114732015143
2020-01-20,-0.0007881862396833846
2020-01-21,-0.0037568456064021134
2020-01-22,0.003806059816134953
2020-01-23,-0.00037410156672259
2020-01-24,-0.001669721769508746
2020-01-25,0.0010121657187606528
2020-01-26,-0.00865821663396485
2020-01-27,-0.0033764924357146376
2020-01-28,-0.0038512881149029288
2020-01-29,-0.0003333979760806874
2020-01-30,-0.0021055640552082758
2020-01-31,0.013140171547085355
2020-02-01,-0.004434285921437847
2020-02-02,-0.003491756993887933
2020-02-03,0.01227832181538271
2020-02-04,-0.005806708729087912
2020-02-05,0.011744213350391091
2020-02-06,0.009380813385458021
2020-02-07,0.014129554707729008
2020-02-08,0.005468872117947918
2020-02-09,-0.004185723299704764
2020-02-10,-0.011147619946699525
2020-02-11,0.008285277817353724
2020-02-12,-0.01208428121087968
2020-02-13,-0.0007735023362031278
2020-02-14,-0.012484141507718304
2020-02-15,-0.007424762133925789
2020-02-16,-0.01019698318791979
2020-02-17,-0.00170228271873523
2020-02-18,0.0024091802400452527
2020-02-19,-0.006506533975985446
2020-02-20,0.01149349269019407
2020-02-21,0.009165155777144822
2020-02-22,0.005683354047735703
2020-02-23,-0.01221520309830963
2020-02-24,-0.00030448879296109767
2020-02-25,-0.0026123493144383295
2020-02-26,0.00023477667359737933
2020-02-27,-0.007313239512708414
2020-02-28,-0.007240787759813919
2020-02-29,0.0016559304124697334
2020-03-01,0.005215819090321599
2020-03-02,-0.0022122073941918618
2020-03-03,-0.00909144208164834
2020-03-04,0.002949330141416592
2020-03-05,0.006076641104376227
2020-03-06,0.002695703236960254
2020-03-07,0.003187734682041718
2020-03-08,0.005897934440769443
2020-03-09,0.013049995195272262
2020-03-10,-0.0025910281185264165
2020-03-11,-0.0003810079278693186
2020-03-12,0.006306022931692196
2020-03-13,-0.018396436522837074
2020-03-14,-0.017014745175411128
2020-03-15,0.011414668305665628
2020-03-16,0.010689169281286
2020-03-17,0.0019985601526784913
2020-03-18,-0.00576779884527173
2020-03-19,0.0052448069667936515
2020-03-20,-0.01059889248269879
2020-03-21,-0.020661285701002414
2020-03-22,0.007860561921068175
2020-03-23,-0.008263072557727787
2020-03-24,0.009076918805508727
2020-03-25,-0.005319595702068512
2020-03-26,0.002890995970077967
2020-03-27,-0.01248375351010061
2020-03-28,-0.014613993246289052
2020-03-29,-0.0020661555192213804
2020-03-30,-0.004168337236707427
2020-03-31,-0.005506880892018758
2020-04-01,-0.012983624875072939
2020-04-02,0.0010382477019348748
2020-04-03,-0.011647223076576093
2020-04-04,0.011935870284813934
2020-04-05,-0.0053869906691400155
2020-04-06,0.012922438960350464
2020-04-07,0.001697389691095696
2020-04-08,-0.0007071090680960241
2020-04-09,-0.000817247400132403
2020-04-10,-0.009686818314850224
2020-04-11,-0.0028350416015697553
2020-04-12,0.0017741767647046797
2020-04-13,-0.012188143071768718
2020-04-14,0.0076377913852754215
2020-04-15,-0.00416608954551191
2020-04-16,0.012798689028770533
2020-04-17,-0.01650436797594473
2020-04-18,-0.007842184788272769
2020-04-19,-0.003646493571993617
2020-04-20,0.004971356916613188
2020-04-21,-0.007242773667596353
2020-04-22,0.008169762497258908
2020-04-23,-0.006243870155656844
2020-04-24,0.007264254859722058
2020-04-25,-0.0012012183602289163
2020-04-26,0.021162450423544848
2020-04-27,0.0013866123225749981
2020-04-28,0.0033074599151983407
2020-04-29,-0.009564784722835598
2020-04-30,0.01496837826714323
2020-05-01,0.017305880597729046
2020-05-02,0.007727421784900129
2020-05-03,-0.01585493512280803
2020-05-04,-0.006591005824804019
2020-05-05,0.006877371631528201
2020-05-06,0.013623315900922821
2020-05-07,-0.011323217442322548
2020-05-08,-0.00394877828211555
2020-05-09,1.859656986207621e-06
2020-05-10,0.0012480417612603025
2020-05-11,-0.012447417108128554
2020-05-12,0.002653026100214581
2020-05-13,-0.009156387593125467
2020-05-14,-0.0010220188650264567
2020-05-15,-0.0036221049712113025
2020-05-16,0.00916824136798709
2020-05-17,0.006267528768905912
2020-05-18,-0.0034094892865435236
2020-05-19,-0.01835411987382986
2020-05-20,0.0017412483608967438
2020-05-21,-0.009763322526557514
2020-05-22,0.0031009414815925604
2020-05-23,0.003866641185227313
2020-05-24,-0.002699863725747095
2020-05-25,0.010345622627281061
2020-05-26,0.0021932183998137457
2020-05-27,-0.01895916794802786
2020-05-28,-0.0034822997768913224
2020-05-29,0.005692953969463959
2020-05-30,-0.01059577840427505
2020-05-31,0.015277374511844532
2020-06-01,-0.003989762489350374
2020-06-02,-0.028851575535167796
2020-06-03,-0.0048316191706674165
2020-06-04,0.0064080894102092525
2020-06-05,-0.005266294365586964
2020-06-06,-0.0014633076488088403
2020-06-07,-0.009643838132526112
2020-06-08,-0.0014227818968390001
2020-06-09,-0.007496746495973564
2020-06-10,0.010702329695786628
2020-06-11,-0.0055546496540874795
2020-06-12,0.00739629184589768
2020-06-13,-0.005460307923193711
2020-06-14,-0.013986885653570811
2020-06-15,-0.004424427928934439
2020-06-16,0.011038496091339554
2020-06-17,0.01094574472957767
2020-06-18,-0.006945859507847293
2020-06-19,-0.005017025360171369
2020-06-20,-0.004370060461716726
2020-06-21,0.01249037185856803
2020-06-22,-0.0007513723940715522
2020-06-23,0.0009178038098948229
2020-06-24,-0.009118809808983918
2020-06-25,-0.011991464706891788
2020-06-26,-0.009125009188835189
2020-06-27,-0.003395863420708856
2020-06-28,-0.004059853035029154
2020-06-29,0.0004118370927019227
2020-06-30,-0.008326602697296508
2020-07-01,-0.004920129601476615
2020-07-02,0.0011663353855882004
2020-07-03,-0.00553347567181805
2020-07-04,0.007160930936525295
2020-07-05,-0.01981502568962849
2020-07-06,0.0009847105225728751
2020-07-07,-0.013723772368701152
2020-07-08,0.003365938411618362
2020-07-09,0.00205298176806968
2020-07-10,-0.000629591134041891
2020-07-11,0.0011900995250870344
2020-07-12,-0.010039152695171496
2020-07-13,0.0010461159838438476
2020-07-14,0.0020390661670082882
2020-07-15,0.005451478727809455
2020-07-16,-0.002422888558935182
2020-07-17,0.012840762859804275
2020-07-18,-0.005732952288008753
2020-07-19,-0.005528452246565023
2020-07-20,0.004233103224300348
2020-07-21,-0.009194990191512726
2020-07-22,0.00918379268161408
2020-07-23,0.0036607713318229347
2020-07-24,0.004797183532186476
2020-07-25,-0.012399497062785717
2020-07-26,-0.0011858515828855694
2020-07-27,-0.0038979103859998277
2020-07-28,0.021402656335338256
2020-07-29,0.005530446823427908
2020-07-30,-0.02103168394846099
2020-07-31,0.0001787861298483008
2020-08-01,0.01522468889420347
2020-08-02,0.002228166735776415
2020-08-03,-0.02036038243987154
2020-08-04,0.0036303205066661255
2020-08-05,-0.007580105303840545
2020-08-06,-0.014942200725753795
2020-08-07,0.01166545776388202
2020-08-08,-0.015075202963804796
2020-08-09,0.00810811064669346
2020-08-10,0.010441982935914135
2020-08-11,-0.004441379083639596
2020-08-12,0.008657580777142989
2020-08-13,0.020990938157059685
2020-08-14,-0.0030013665569560847
2020-08-15,0.0003552049714644103
2020-08-16,-0.0010392348717617758
2020-08-17,0.01670584824701853
2020-08-18,0.007283845938765063
2020-08-19,0.003559501035399826
2020-08-20,-0.002968996223934928
2020-08-21,-0.0034358246580453674
2020-08-22,0.006638302566453311
2020-08-23,-0.00040503658167141985
2020-08-24,0.00866904535935277
2020-08-25,0.0013832465757077222
2020-08-26,0.007767560994592947
2020-08-27,0.0249190882373738
2020-08-28,-0.007371054221250049
2020-08-29,-0.013871946474230653
2020-08-30,-0.0019089605196987562
2020-08-31,-0.00019870297982853177
2020-09-01,-0.0005893213523580079
2020-09-02,0.01660011712950102
2020-09-03,-0.01928805840902104
2020-09-04,-0.0239123249622098
2020-09-05,-0.003475117849270573
2020-09-06,0.003936335664782435
2020-09-07,-0.0006351390087031784
2020-09-08,-0.01440478137157172
2020-09-09,0.008477042136095753
2020-09-10,0.01149619621778919
2020-09-11,-0.018805883101813067
2020-09-12,0.01660947055568723
2020-09-13,-0.0013576660393988793
2020-09-14,0.001271101899990821
2020-09-15,-0.0027061449281833624
2020-09-16,-0.016164102810962356
2020-09-17,-0.0014227864237711344
2020-09-18,0.0033534206309307588
2020-09-19,-0.011908159101525416
2020-09-20,0.015189168723583682
2020-09-21,0.006554312486145891
2020-09-22,-0.00897220266702319
2020-09-23,2.5289242889356748e-05
2020-09-24,-0.00628320760630617
2020-09-25,0.003740760016819783
2020-09-26,0.0015670934859837724
2020-09-27,-0.0030100075434904283
2020-09-28,-0.011907220027806423
2020-09-29,-0.0020319624209439715
2020-09-30,-0.0032391192511233057
2020-10-01,0.01742164053727726
2020-10-02,-0.00439752311578093
2020-10-03,0.014036379977245899
2020-10-04,0.010142077266262756
2020-10-05,0.0032164696568650676
2020-10-06,0.008511907055656189
2020-10-07,0.005902151260807574
2020-10-08,0.005585007063580523
2020-10-09,-0.003422120596823784
2020-10-10,-0.0017555289942082493
2020-10-11,0.005229963975030098
2020-10-12,-0.01240277774542386
2020-10-13,-0.0022117238387827395
2020-10-14,0.012536451336147041
2020-10-15,-0.0031677897047818785
2020-10-16,-0.007861477947187763
2020-10-17,0.0034989576457712546
2020-10-18,-0.001252681558766634
2020-10-19,-0.0022515253366989837
2020-10-20,-3.4732403400289564e-05
2020-10-21,-0.006790632552167344
2020-10-22,0.007992250840521926
2020-10-23,0.011255113999582027
2020-10-24,-0.006410333852688547
2020-10-25,0.004693410073290967
2020-10-26,0.004472227556194185
2020-10-27,0.0017956380286007969
2020-10-28,0.008490575900046062
2020-10-29,-0.00215988515269123
2020-10-30,0.012292274142534134
2020-10-31,0.001144049908760092
2020-11-01,0.004699976846861814
2020-11-02,-0.0042244877427552886
2020-11-03,0.003560145648490884
2020-11-04,-0.016017089180954912
2020-11-05,0.002144922931103133
2020-11-06,0.013963457921787279
2020-11-07,-0.011939538602379323
2020-11-08,-0.003534834739502839
2020-11-09,-0.021388185370439402
2020-11-10,0.007606542936584367
2020-11-11,0.008711006227385984
2020-11-12,-0.0008625555262185538
2020-11-13,-0.0044567958389278226
2020-11-14,-0.0011473992088682117
2020-11-15,0.007681631425104078
2020-11-16,-0.0017248130378515586
2020-11-17,0.006404293092906876
2020-11-18,0.000549142071330477
2020-11-19,-0.014929022175199449
2020-11-20,0.017000714900609965
2020-11-21,-0.008535967188341211
2020-11-22,0.012096019664287338
2020-11-23,-0.018800511976911415
2020-11-24,0.013261276290978194
2020-11-25,-0.0018790230289646328
2020-11-26,0.01204498479044298
2020-11-27,-0.0013667324840582204
2020-11-28,1.5415914963740637e-05
2020-11-29,-0.004544571417794172
2020-11-30,0.009428997288284485
2020-12-01,-0.02200383837958787
2020-12-02,0.012852575506200684
2020-12-03,0.018977349805142207
2020-12-04,-0.006419045875770082
2020-12-05,0.020761817903311247
2020-12-06,0.0032163570664594035
2020-12-07,0.002977228304340223
2020-12-08,0.006209832866289527
2020-12-09,0.002463415749598657
2020-12-10,0.009086945136607754
2020-12-11,-0.0006493213290211064
2020-12-12,0.0101515081425666
2020-12-13,-0.014376040118340244
2020-12-14,-0.006318522281754132
2020-12-15,-0.020178876630087723
2020-12-16,-0.006952105573351874
2020-12-17,0.01275642912322633
2020-12-18,0.010835185609117165
2020-12-19,0.024357497706070895
2020-12-20,0.006210191695198301
2020-12-21,0.00294465722860218
2020-12-22,0.005483931940423281
2020-12-23,0.003907866467486378
2020-12-24,-0.006231547175113624
2020-12-25,0.000979986366976719
2020-12-26,0.01616580696702744
2020-12-27,0.0032512282807472866
2020-12-28,0.013271012959500813
2020-12-29,0.011178486672346232
2020-12-30,-0.012144087435095713
2020-12-31,-0.015720390558804642
2021-01-01,-0.0017328882335224368
2021-01-02,-0.007269543711121193
2021-01-03,0.0045372138277587105
2021-01-04,-0.00974596821167471
2021-01-05,0.022439611543513188
2021-01-06,0.012170828302150301
2021-01-07,0.0019878200882449447
2021-01-08,0.009398549687903822
2021-01-09,0.016106061144523686
2021-01-10,0.010112096273317848
2021-01-11,0.003452663649566024
2021-01-12,-0.02329956424974664
2021-01-13,0.003915458302743055
2021-01-14,-0.0014676957266342848
2021-01-15,-0.011413580351683494
2021-01-16,0.0009858654067131445
2021-01-17,-0.012349441028517384
2021-01-18,-0.000545424854468321
2021-01-19,-0.0007303234747608875
2021-01-20,0.0183632177028603
2021-01-21,-0.010633799772106357
2021-01-22,0.016531516618921358
2021-01-23,-0.009654604840236473
2021-01-24,-0.007918521372420174
2021-01-25,0.0032902385409460003
2021-01-26,-0.009039914384517598
2021-01-27,-0.0144276769220326
2021-01-28,-0.002944042192615056
2021-01-29,0.01726401780811047
2021-01-30,0.0003359592901906487
2021-01-31,-0.013578372465919065
2021-02-01,0.0029233873509175836
2021-02-02,0.0007513155842577069
2021-02-03,-0.0020367282008244606
2021-02-04,0.007179923621484279
2021-02-05,0.00644720282703418
2021-02-06,0.004944053472308537
2021-02-07,-0.005279518461369921
2021-02-08,-0.0013877119850923226
2021-02-09,0.0036258317062095482
2021-02-10,0.020034760274785544
2021-02-11,-0.0025908283548499596
2021-02-12,0.00342210162387767
2021-02-13,-0.011265540685839702
2021-02-14,-0.0022952470157607163
2021-02-15,-0.004575193799989047
2021-02-16,-0.008495370002828887
2021-02-17,0.005955936219939872
2021-02-18,-0.0023579696382832653
2021-02-19,0.004575846335835205
2021-02-20,-0.012290487957916544
2021-02-21,-0.002255176230646107
2021-02-22,0.015903519659749996
2021-02-23,0.007932324972215249
2021-02-24,-0.008113809733085056
2021-02-25,0.003304152428256727
2021-02-26,-0.001381542099081971
2021-02-27,-0.0025623618880112053
2021-02-28,0.011546921043349265
2021-03-01,0.004277949273173098
2021-03-02,-0.0024228092351725704
2021-03-03,-0.004483430661430773
2021-03-04,-0.0028509391462724254
2021-03-05,-0.010790628119068729
2021-03-06,-0.006049178830783289
2021-03-07,-0.00921949809667694
2021-03-08,-0.003657055664886535
2021-03-09,0.0020167023172899703
2021-03-10,-0.014143804443047204
2021-03-11,0.003038593948123771
2021-03-12,-0.008685366497394502
2021-03-13,0.009458357958605841
2021-03-14,0.010257848995554167
2021-03-15,0.010631827944936665
2021-03-16,-0.012544680868885156
2021-03-17,-0.0019402774147421632
2021-03-18,-0.003398950773532746
2021-03-19,0.006607733568256312
2021-03-20,-0.011364723959520432
2021-03-21,-0.004074244874650824
2021-03-22,-0.017301597581653682
2021-03-23,-0.005345204590217104
2021-03-24,0.00679397575636695
2021-03-25,0.0073679708617276326
2021-03-26,-0.009185225642264467
2021-03-27,-0.005009522628725573
2021-03-28,-0.0021347106246256482
2021-03-29,-0.014488604937007193
2021-03-30,0.011656682382617698
2021-03-31,-0.015085337581435517
2021-04-01,0.002553303954019659
2021-04-02,0.003027643555852775
2021-04-03,-0.0037567816297304404
2021-04-04,0.007117493183124736
2021-04-05,-0.017585075416112157
2021-04-06,-0.001247499115730802
2021-04-07,-0.0038395046597372107
2021-04-08,-0.002618705482225275
2021-04-09,-0.013395274383196001
2021-04-10,-0.004510212601355637
2021-04-11,-0.014428509827087368
2021-04-12,0.0008114907109097354
2021-04-13,0.020791544978726022
2021-04-14,0.006940484495166037
2021-04-15,-0.009381282664203442
2021-04-16,0.019857730522524715
2021-04-17,-0.014549114863688206
2021-04-18,-0.006761707723568685
2021-04-19,-0.013758620779276582
2021-04-20,0.014180974014821443
2021-04-21,0.0007065194846214212
2021-04-22,0.01220544501765965
2021-04-23,-0.010734145790808721
2021-04-24,-0.022904988312994888
2021-04-25,0.0004932915383033143
2021-04-26,-0.0036827341166029356
2021-04-27,-0.027292349880578437
2021-04-28,-0.0019951294239855177
2021-04-29,-0.025435841823495023
2021-04-30,-0.002374348303545441
2021-05-01,0.016324460125797434
2021-05-02,-0.008073597050892849
2021-05-03,-0.025776475262295182
2021-05-04,0.006027196223908766
2021-05-05,-0.006109332455837523
2021-05-06,0.0037038260781325936
2021-05-07,-0.004426986581929292
2021-05-08,0.008586076993418162
2021-05-09,0.0025596766070667162
2021-05-10,0.008483305633021989
2021-05-11,0.007357902891742727
2021-05-12,-0.0011981061839578609
2021-05-13,0.007143659755328325
2021-05-14,0.0008194116015820493
2021-05-15,0.008934195956912604
2021-05-16,-0.011340631686453419
2021-05-17,-0.007102660986956791
2021-05-18,-0.0014981119338957443
2021-05-19,-0.0019914591387925748
2021-05-20,-0.0033999763695136916
2021-05-21,0.0008621000666162611
2021-05-22,-0.014878297010888742
2021-05-23,0.018639928688677004
2021-05-24,-0.010549785112515704
2021-05-25,-0.004261339856071953
2021-05-26,0.01160215163514732
2021-05-27,0.002477505728839055
2021-05-28,0.012048568619594547
2021-05-29,-0.017307358089410457
2021-05-30,-0.006184989615008735
2021-05-31,-0.010886415952065288
2021-06-01,0.0016788605412780874
2021-06-02,-0.0021212847974841176
2021-06-03,0.010954239449090535
2021-06-04,-0.00040189499481142423
2021-06-05,0.011274790156292586
2021-06-06,0.003533298967997739
2021-06-07,0.02793611171848949
2021-06-08,-0.005930308615167733
2021-06-09,-0.0038946235731839376
2021-06-10,-0.0048269707589453075
2021-06-11,-0.007904039928957902
2021-06-12,-0.00848776272140169
2021-06-13,0.0010388749617128285
2021-06-14,0.012053721235227504
2021-06-15,0.0016508390523068464
2021-06-16,0.006758896876608098
2021-06-17,0.004817111149384685
2021-06-18,0.013332994761588213
2021-06-19,0.01570719457930756
2021-06-20,0.010451444276711496
2021-06-21,0.003292882210520351
2021-06-22,0.002731642884230871
2021-06-23,0.009348443734503496
2021-06-24,-0.018412754586015764
2021-06-25,0.0028710959369955503
2021-06-26,-0.0039036415895075923
2021-06-27,0.0012282963114001203
2021-06-28,-0.007795926238484014
2021-06-29,0.003053021918618023
2021-06-30,-0.014751404896615247
2021-07-01,0.0004731412101493025
2021-07-02,-0.007736162770026199
2021-07-03,-0.02087006071675183
2021-07-04,-0.0020129582878741395
2021-07-05,-0.008794946987391009
2021-07-06,0.0012821551762516785
2021-07-07,-0.012923227675133531
2021-07-08,-0.0029070098606513517
2021-07-09,-0.004848087476598743
2021-07-10,-0.009392761551471153
2021-07-11,0.0025540584672454343
2021-07-12,-0.0028867985389144446
2021-07-13,0.01039070482206021
2021-07-14,0.008980128534887452
2021-07-15,0.008598496005886528
2021-07-16,-0.002469194552549032
2021-07-17,-0.02717314458499284
2021-07-18,-0.012408698724748186
2021-07-19,0.00020141884241486676
2021-07-20,-0.0028710280537374683
2021-07-21,0.01104563546318438
2021-07-22,0.003133527746996692
2021-07-23,-0.004630649573290991
2021-07-24,-0.01437675398975014
2021-07-25,-0.02204422489090521
2021-07-26,-0.008172192250553061
2021-07-27,0.014028511011557849
2021-07-28,-0.003812147052486195
2021-07-29,-0.0021195018365368088
2021-07-30,0.002449491633557154
2021-07-31,-0.006783628270475942
2021-08-01,-0.001163835499843133
2021-08-02,0.004916955309747843
2021-08-03,-0.0020449134396250987
2021-08-04,-0.00965969412662306
2021-08-05,-0.010658685056432764
2021-08-06,-0.018680655519984442
2021-08-07,0.017546529828533098
2021-08-08,0.005695608152196442
2021-08-09,0.0002492665912326003
2021-08-10,0.007310340357360193
2021-08-11,0.006176421976994538
2021-08-12,-0.00013062082809951856
2021-08-13,-0.004943704365338998
2021-08-14,0.008403533357801446
2021-08-15,0.01477335295746641
2021-08-16,-0.006965161135197828
2021-08-17,0.00792353954403438
2021-08-18,-0.007023896327026168
2021-08-19,-0.021345316386605043
2021-08-20,0.006437296099948332
2021-08-21,0.01120606368726012
2021-08-22,0.02021671761877868
2021-08-23,0.0006938360974180962
2021-08-24,0.0108719249599983
2021-08-25,0.007333043612029407
2021-08-26,-0.017843159002705538
2021-08-27,-0.006295676821448918
2021-08-28,-5.2890613222145904e-05
2021-08-29,-0.0015789944039837935
2021-08-30,0.0005069921193076852
2021-08-31,0.0007183229189812396
2021-09-01,0.027056804954687225
2021-09-02,-0.007002743684921759
2021-09-03,-0.002563187768481479
2021-09-04,-0.00017050522607034256
2021-09-05,-0.004926629559960037
2021-09-06,0.011162995519282197
2021-09-07,-0.0005004345038565564
2021-09-08,-0.0041029233233831714
2021-09-09,-0.005830279916672503
2021-09-10,-0.008499188818187923
2021-09-11,0.003627856372886904
2021-09-12,0.004207956622220306
2021-09-13,0.017546543785872126
2021-09-14,-0.0042650513991997294
2021-09-15,0.013042667305590427
2021-09-16,0.006435937068022291
2021-09-17,-0.005088045284132598
2021-09-18,0.008234756787626816
2021-09-19,-0.007936430239622013
2021-09-20,0.013380445655895627
2021-09-21,-0.011253202556393643
2021-09-22,0.005688714395137915
2021-09-23,0.0033417963208417405
2021-09-24,0.0245841535864978
2021-09-25,0.0031654764717628887
2021-09-26,0.0011925062898934127
2021-09-27,0.0010289214017475577
2021-09-28,0.0016948547189559434
2021-09-29,-0.0015913024295518845
2021-09-30,-0.004888929419657562
2021-10-01,0.004905534961360633
2021-10-02,0.017751593220592554
2021-10-03,-0.008583627216851974
2021-10-04,0.0002500796625947122
2021-10-05,0.0016019829892075464
2021-10-06,-0.006469186146380136
2021-10-07,0.004231504095883968
2021-10-08,-0.015574375640107668
2021-10-09,0.006942011187401138
2021-10-10,-0.017442958342360496
2021-10-11,0.014037870976763275
2021-10-12,-0.007568963636505036
2021-10-13,0.0016117322815010155
2021-10-14,-0.000691115230735287
2021-10-15,0.008772780761719431
2021-10-16,-0.02000077634603501
2021-10-17,-0.0033580621089855786
2021-10-18,-0.009314349071397146
2021-10-19,-0.0040486612061460476
2021-10-20,-0.005676319042096069
2021-10-21,-0.005105316674090907
2021-10-22,0.0009442653998662227
2021-10-23,0.0036154322419239176
2021-10-24,-0.008852291465099688
2021-10-25,0.005491714719967551
2021-10-26,0.0038832411803487784
2021-10-27,-0.00019864980045852316
2021-10-28,0.005161559273920724
2021-10-29,-0.008145860398673356
2021-10-30,0.005451880237853707
2021-10-31,-0.011433930554198644
2021-11-01,-0.005621259870793013
2021-11-02,0.007725424075634053
2021-11-03,-0.013879123640777924
2021-11-04,0.011753127228112744
2021-11-05,0.00898289621539111
2021-11-06,0.0015725656610462407
2021-11-07,0.010202531807509898
2021-11-08,0.007872202208551492
2021-11-09,0.0018818029972350755
2021-11-10,-0.01756769135708056
2021-11-11,0.004646617881301357
2021-11-12,0.0036011545879673632
2021-11-13,0.0031519211213720645
2021-11-14,-0.005491065717477754
2021-11-15,-0.02259939235628811
2021-11-16,0.004872020668930811
2021-11-17,0.027824698606250434
2021-11-18,-0.010413620308169388
2021-11-19,0.011208808207439311
2021-11-20,-0.003941968331423218
2021-11-21,-0.0024033018000994776
2021-11-22,0.00380750308765415
2021-11-23,-0.01115491720006839
2021-11-24,0.004479740296042185
2021-11-25,0.014526596806161078
2021-11-26,0.014296554482702135
2021-11-27,-0.01731726374530652
2021-11-28,0.010226855398206572
2021-11-29,0.010094889248855656
2021-11-30,-0.014283795186540169
2021-12-01,0.004986403286194069
2021-12-02,-0.008494121970642183
2021-12-03,0.0008392349129425728
2021-12-04,0.015679152273685583
2021-12-05,0.008442899627522238
2021-12-06,-0.0038157914221228738
2021-12-07,0.012435524700104521
2021-12-08,0.009203721020685314
2021-12-09,-0.017279074380350274
2021-12-10,0.015855624458459706
2021-12-11,-0.01110956944178088
2021-12-12,-0.0072371598772336945
2021-12-13,-0.003040769861457589
2021-12-14,0.0011293333909275722
2021-12-15,0.010266783113072565
2021-12-16,0.014267424221018989
2021-12-17,0.0009818099583884016
2021-12-18,0.0038145670038626698
2021-12-19,0.006504973507213397
2021-12-20,-0.007231766743603479
2021-12-21,0.0004867069679276127
2021-12-22,-0.008760013696223276
2021-12-23,-0.0030201359597441767
2021-12-24,0.002717808585924678
2021-12-25,0.025748132379749177
2021-12-26,0.02861952204232058
2021-12-27,0.011108026059401345
2021-12-28,-0.004768354340727538
2021-12-29,0.013673542176032488
2021-12-30,-0.00928354643529655
2021-12-31,-0.008667824368308333
2022-01-01,-0.003001204113767918
2022-01-02,-0.015379179102339253
2022-01-03,-0.007621808058212214
2022-01-04,0.008411208311672344
2022-01-05,-0.011590345161722287
2022-01-06,0.003992442224658262
2022-01-07,-0.018976715427302553
2022-01-08,0.004631887115394749
2022-01-09,-0.006315115907726926
2022-01-10,0.004923656170709627
2022-01-11,-0.0035456843567886953
2022-01-12,0.003287492596207707
2022-01-13,-0.0015815325118430752
2022-01-14,-0.0027806176003655997
2022-01-15,-0.008911177600621167
2022-01-16,0.007713554388520991
2022-01-17,-0.012341482086059124
2022-01-18,0.004595819673485793
2022-01-19,0.012127788712417256
2022-01-20,-0.0002207698807033586
2022-01-21,-0.008465612075717725
2022-01-22,-0.009337419360256375
2022-01-23,-0.004021259639767343
2022-01-24,-0.00468753120974579
2022-01-25,-0.0029905496590842107
2022-01-26,-0.0006380942981823983
2022-01-27,0.012246679388652102
2022-01-28,0.01574151849462857
2022-01-29,-0.0021080942617307846
2022-01-30,-0.0019529685702655455
2022-01-31,0.000558986182963272
2022-02-01,0.01159412154531045
2022-02-02,0.006246771553974379
2022-02-03,0.01412640695978412
2022-02-04,0.019491227447918234
2022-02-05,0.005133482493702238
2022-02-06,-0.005414409802739693
2022-02-07,-0.009369365369135255
2022-02-08,0.005785644776638629
2022-02-09,0.008841054643703338
2022-02-10,-0.00776730973746614
2022-02-11,0.005654415650843769
2022-02-12,0.00923086917540468
2022-02-13,0.009185498152963718
2022-02-14,0.00044056880274078624
2022-02-15,-0.01097526707195514
2022-02-16,0.004220368639006638
2022-02-17,-0.011594355658486906
2022-02-18,-0.011066434586097254
2022-02-19,0.015324942971395538
2022-02-20,-0.011066561064204455
2022-02-21,-0.00777740222954657
2022-02-22,-0.009732886216217516
2022-02-23,-0.006984112190073288
2022-02-24,-0.0003921451643971305
2022-02-25,-0.01478065070257808
2022-02-26,-0.005205495695783152
2022-02-27,0.000815932865251493
2022-02-28,0.0028939183735475268
2022-03-01,-0.007895431513016747
2022-03-02,-0.00036648903753376836
2022-03-03,0.0043765036572005755
2022-03-04,0.0017009066058153788
2022-03-05,5.195098929628236e-05
2022-03-06,0.008590802198550454
2022-03-07,0.0013163206533279806
2022-03-08,0.00825400282238444
2022-03-09,-0.003946198661900471
2022-03-10,0.010725920237506978
2022-03-11,-0.006721374589174141
2022-03-12,-0.009438303074806705
2022-03-13,-0.022302928614429566
2022-03-14,0.0046659661210390665
2022-03-15,0.016242266250992086
2022-03-16,1.052241540655508e-05
2022-03-17,0.006364983673957462
2022-03-18,-0.002978635192881562
2022-03-19,0.003998056232586787
2022-03-20,0.0047116560897613215
2022-03-21,-0.0072847684309702
2022-03-22,0.000194615516498913
2022-03-23,-0.0015525551152926788
2022-03-24,-0.0011929493113085345
2022-03-25,-0.005362009424131766
2022-03-26,0.0019162837432569377
2022-03-27,0.021459770273275974
2022-03-28,-0.006588274529558167
2022-03-29,-0.002879072940036168
2022-03-30,0.005731142213468572
2022-03-31,-0.012398751790360896
2022-04-01,-0.008544051946074284
2022-04-02,0.01001504544026936
2022-04-03,-0.02263250147321761
2022-04-04,0.017996845826673574
2022-04-05,-0.006529983730886296
2022-04-06,0.004796646182872472
2022-04-07,-0.01120392773981218
2022-04-08,0.009506670639434304
2022-04-09,0.0023508480634381614
2022-04-10,0.012449022133527691
2022-04-11,0.019588815063921315
2022-04-12,-0.013259223061661485
2022-04-13,0.0019359693261768967
2022-04-14,-0.016749809797826812
2022-04-15,0.00032258421873519543
2022-04-16,0.017463397858069826
2022-04-17,0.0023292910412964227
2022-04-18,0.007346083664538329
2022-04-19,-0.009488573178783934
2022-04-20,0.0054445311765587345
2022-04-21,-0.01784247909150786
2022-04-22,0.004776721385186979
2022-04-23,0.023437020270002277
2022-04-24,-0.008997472356042292
2022-04-25,-0.016374860284066043
2022-04-26,-0.01230885273625218
2022-04-27,-0.009226382780190867
2022-04-28,0.022164364172624847
2022-04-29,0.008981587839580658
2022-04-30,0.019725453750175523
2022-05-01,0.006155726968641586
2022-05-02,-0.005990944827161087
2022-05-03,-0.008345550787863074
2022-05-04,0.008886654100927073
2022-05-05,-0.009134672891937194
2022-05-06,-0.007836194728351748
2022-05-07,0.01607920910705078
2022-05-08,-0.0009008146648105254
2022-05-09,-0.0006596683806470711
2022-05-10,-0.0019402059599056437
2022-05-11,-0.011302335273651126
2022-05-12,0.002183354994860987
2022-05-13,0.011900245295868184
2022-05-14,-0.01208231359048306
2022-05-15,-0.007696414834285868
2022-05-16,-0.003900468008343037
2022-05-17,0.004832687824489585
2022-05-18,-0.011305387265303642
2022-05-19,-0.003408666043761715
2022-05-20,0.00995348344131808
2022-05-21,0.008230890055485803
2022-05-22,-0.006298030713781602
2022-05-23,-0.004145528686214638
2022-05-24,-0.00863609534105824
2022-05-25,0.007636196148343567
2022-05-26,-0.006062465361408769
2022-05-27,-0.0026787207088740084
2022-05-28,-0.01379361177035124
2022-05-29,-0.008658710380854426
2022-05-30,-0.0043425129149966555
2022-05-31,-0.01656283335940915
2022-06-01,-0.001169814345588479
2022-06-02,0.008715162310231455
2022-06-03,0.0013280322935354258
2022-06-04,0.014003186158838618
2022-06-05,-0.00021091684687357123
2022-06-06,0.00046751827988969583
2022-06-07,0.017416400626249266
2022-06-08,0.011304410610518132
2022-06-09,0.001789532479687142
2022-06-10,0.0019719799969377823
2022-06-11,0.004348552603652003
2022-06-12,-0.0016614024200136118
2022-06-13,0.00619349556019002
2022-06-14,-0.014484363158684102
2022-06-15,0.0007969080134827959
2022-06-16,0.005880661298529172
2022-06-17,0.013742811465855244
2022-06-18,-0.0025905381863630963
2022-06-19,-0.012647079830285013
2022-06-20,0.008174591831084026
2022-06-21,0.005735558016959237
2022-06-22,-0.012259525692074275
2022-06-23,-0.01845897392327585
2022-06-24,0.002606982863160715
2022-06-25,-0.0068052287639984305
2022-06-26,0.02924432008903065
2022-06-27,-0.006510288517263219
2022-06-28,-0.022649245244755804
2022-06-29,0.0035898882710710942
2022-06-30,-0.00969504498553175
2022-07-01,0.002459077629899538
2022-07-02,-0.003261973277988233
2022-07-03,0.007337150500083657
2022-07-04,-0.0076487386526484374
2022-07-05,-0.011578856716477598
2022-07-06,-0.010411092627996277
2022-07-07,0.013129062183131179
2022-07-08,-0.005778753314997121
2022-07-09,0.0051699490618065495
2022-07-10,-0.005541600307449687
2022-07-11,-0.010075138343516844
2022-07-12,0.0015688020932959053
2022-07-13,0.007460247555467268
2022-07-14,-0.010791694679593844
2022-07-15,0.0115958313559956
2022-07-16,0.002587623481681426
2022-07-17,-0.0037599422986873644
2022-07-18,0.010910446896243682
2022-07-19,0.012158839805253856
2022-07-20,-0.006880332709489076
2022-07-21,0.0032222304895389918
2022-07-22,0.017654539600518958
2022-07-23,-0.00402733966792737
2022-07-24,0.006310513796348552
2022-07-25,-0.009595853686188155
2022-07-26,-0.001016013926627003
2022-07-27,-0.015791665199788658
2022-07-28,-0.00037843039307034414
2022-07-29,0.02358659742381227
2022-07-30,0.003779594517535759
2022-07-31,-0.022638093323751385
2022-08-01,-0.020371215716316202
2022-08-02,0.03207138690637703
2022-08-03,-0.023414083947553982
2022-08-04,-0.0014041781070072033
2022-08-05,0.007569952827286992
2022-08-06,0.02371759523389867
2022-08-07,-0.0006140911232595597
2022-08-08,-0.013703228591799317
2022-08-09,0.010854054430351319
2022-08-10,-0.0019105448841819925
2022-08-11,-0.0039054327093286482
2022-08-12,-0.003971920110568349
2022-08-13,0.015213225696112814
2022-08-14,-0.001706718105972832
2022-08-15,-0.009271241778928282
2022-08-16,0.006267872809014821
2022-08-17,-0.00841282756963302
2022-08-18,0.008244814245343082
2022-08-19,-0.03463067041900562
2022-08-20,-0.0068789843535422696
2022-08-21,0.0018248219363414492
2022-08-22,-0.024287461786219298
2022-08-23,-0.00418294595751733
2022-08-24,-0.013680170267278623
2022-08-25,-0.009459119117451625
2022-08-26,0.0077147133532592515
2022-08-27,-0.00045186583364271174
2022-08-28,0.010861662993128544
2022-08-29,0.0027755376012335463
2022-08-30,-0.0038981775608660655
2022-08-31,0.0016262092146662047
2022-09-01,0.005945544168898824
2022-09-02,0.011142547489117038
2022-09-03,-0.01169944796962305
2022-09-04,-0.0054054090000086735
2022-09-05,-0.01588525490774648
2022-09-06,0.009670597014462382
2022-09-07,0.012786793908474389
2022-09-08,-0.007426908888184327
2022-09-09,-0.001453695921073507
2022-09-10,0.007611382745177542
2022-09-11,0.008788279598083508
2022-09-12,0.010792236486903677
2022-09-13,0.00046606257643418386
2022-09-14,-0.004515080979433014
2022-09-15,-0.0014921133650007412
2022-09-16,0.00757191938779483
2022-09-17,0.007614392884119868
2022-09-18,0.01706670105187717
2022-09-19,0.004191290704870106
2022-09-20,-0.003941813683586723
2022-09-21,0.0010453946816539115
2022-09-22,0.00549169078806083
2022-09-23,0.0037360127955351633
2022-09-24,-0.009684204583836668
2022-09-25,0.002562956394259784
2022-09-26,-0.010642940480717709
2022-09-27,0.009499897186333968
2022-09-28,0.011799005268825331
2022-09-29,-0.018685969120633535
2022-09-30,0.000872961345807417
2022-10-01,0.0006608632058864382
2022-10-02,-0.007965728211394879
2022-10-03,-0.01380451372937758
2022-10-04,0.02094415483134022
2022-10-05,0.0032167497608920482
2022-10-06,-0.0014288846955391788
2022-10-07,-0.018215672714925437
2022-10-08,-0.015607188225840193
2022-10-09,0.023420146470007622
2022-10-10,0.010611383829850784
2022-10-11,0.00015762720919184974
2022-10-12,-0.0056956444747990635
2022-10-13,-0.0028440847190897415
2022-10-14,0.006061357060441968
2022-10-15,0.014913010001751032
2022-10-16,0.009781683223773222
2022-10-17,-0.012168774544120603
2022-10-18,-0.00026960588823518426
2022-10-19,-0.0010678010449728405
2022-10-20,-0.008881654336162167
2022-10-21,0.0002319240561640871
2022-10-22,0.001019434774532952
2022-10-23,-0.005297497848372941
2022-10-24,-0.009072538321823918
2022-10-25,-0.012723818445910622
2022-10-26,0.004935937116867809
2022-10-27,-0.0026671262355339484
2022-10-28,0.005553308361912
2022-10-29,0.004363471382854377
2022-10-30,0.0034099611623883926
2022-10-31,0.016063630461739902
2022-11-01,-0.002350157201669527
2022-11-02,0.006823211977731443
2022-11-03,-0.010487632170518686
2022-11-04,-0.002968681139820583
2022-11-05,0.000124995235990463
2022-11-06,0.001987972910028603
2022-11-07,0.010779049920794967
2022-11-08,-0.0015576056091530168
2022-11-09,0.01087658025061207
2022-11-10,-0.007372466894424823
2022-11-11,0.010901243643534007
2022-11-12,0.005176366216635091
2022-11-13,-0.009634566040738795
2022-11-14,-0.012870213984533883
2022-11-15,-0.0038135251038535064
2022-11-16,0.019720694283828572
2022-11-17,-0.004059489138283437
2022-11-18,-0.008013522148001748
2022-11-19,-0.005635269561117095
2022-11-20,0.0051601398134753385
2022-11-21,-0.0037708776533024327
2022-11-22,0.004891112552922606
2022-11-23,-0.0016469395330932267
2022-11-24,0.008581283835634706
2022-11-25,-0.0027484192094108803
2022-11-26,0.019290961437262312
2022-11-27,0.010233092593889558
2022-11-28,-0.0034267620249751715
2022-11-29,-0.0042736645401894955
2022-11-30,-0.002821724757906645
2022-12-01,0.012544825271030435
2022-12-02,-0.008985925798434526
2022-12-03,-0.01218987392035496
2022-12-04,0.013062632821315106
2022-12-05,0.007021977670360112
2022-12-06,-0.01283628399973954
2022-12-07,0.006577033091368781
2022-12-08,-0.006162012324804838
2022-12-09,0.009560877182389918
2022-12-10,-0.015086881804601562
2022-12-11,-0.009300341352158178
2022-12-12,0.004284027537122413
2022-12-13,-0.002527708447236395
2022-12-14,0.004712693532151394
2022-12-15,-0.0076716543270055945
2022-12-16,0.0009904787357034636
2022-12-17,0.005538647163074728
2022-12-18,-0.015486335307208882
2022-12-19,0.010494914999709028
2022-12-20,0.015981610903678167
2022-12-21,-0.0021345981552758258
2022-12-22,0.01701357695200965
2022-12-23,-0.01555917589076423
2022-12-24,0.008575391072661443
2022-12-25,0.016306712346798088
2022-12-26,0.0010842171624523408
2022-12-27,-0.005474060034520198
2022-12-28,-0.010231975594227468
2022-12-29,0.010131893195822528
2022-12-30,0.000250917347838335
2022-12-31,-0.009565099840913157
2023-01-01,0.0034025359542943674
2023-01-02,-0.00023018981337555804
2023-01-03,-0.007973316736990577
2023-01-04,0.015318428311536814
2023-01-05,-0.006533811474760139
2023-01-06,-0.013726336063825097
2023-01-07,-0.010852422494270627
2023-01-08,0.008248737571973029
2023-01-09,-0.019024393020408887
2023-01-10,0.010335022997809036
2023-01-11,0.014797253333167561
2023-01-12,0.00039305623476048457
2023-01-13,0.002043469964644321
2023-01-14,-0.004477471210185861
2023-01-15,0.004472764751280809
2023-01-16,-0.013029703994564164
2023-01-17,0.0074737952967730255
2023-01-18,0.008877270069575581
2023-01-19,-0.006554561632119176
2023-01-20,-0.01409557145551975
2023-01-21,-0.012628489694181542
2023-01-22,-0.0003750120102488853
2023-01-23,0.01703948932789832
2023-01-24,-0.002234104655006026
2023-01-25,0.0023840554830030472
2023-01-26,-0.00471316023280995
2023-01-27,-0.004618772142028176
2023-01-28,-0.0075514066344833305
2023-01-29,0.007243348731144974
2023-01-30,0.006978010536529942
2023-01-31,0.005400085264538466
2023-02-01,0.008555524655743474
2023-02-02,-0.005396375621901763
2023-02-03,-0.0008645387737695302
2023-02-04,-0.002538221020201503
2023-02-05,0.002555101392194803
2023-02-06,-0.007371999167336165
2023-02-07,0.02872996029263659
2023-02-08,0.004350987172033643
2023-02-09,-0.009023369597676042
2023-02-10,-0.0008625213577601362
2023-02-11,0.018023775630800546
2023-02-12,-0.010288569256032483
2023-02-13,-0.011831386100766176
2023-02-14,0.013163805819827028
2023-02-15,0.008621373374564681
2023-02-16,-0.002058426391360962
2023-02-17,-0.010962900420744702
2023-02-18,0.008569549573992079
2023-02-19,-0.00013120717289173337
2023-02-20,-0.007418851892258552
2023-02-21,0.004188553869920717
2023-02-22,0.002312147385905338
2023-02-23,0.004375359187423449
2023-02-24,0.006085501240598875
2023-02-25,0.015448623429124224
2023-02-26,-0.010852200070203056
2023-02-27,0.01098881131290387
2023-02-28,0.013392245184334128
2023-03-01,-0.005550792754972157
2023-03-02,0.0068872708285691924
2023-03-03,0.007347904958950699
2023-03-04,0.001192057185254162
2023-03-05,0.010609154682413094
2023-03-06,-0.009135788792396403
2023-03-07,0.007356045878855985
2023-03-08,0.012426075617539454
2023-03-09,-0.004882650407358488
2023-03-10,0.0009071566136875187
2023-03-11,0.011440358919796088
2023-03-12,-0.006613385968114695
2023-03-13,-5.879852130255027e-05
2023-03-14,-0.0068644412622217215
2023-03-15,0.015616369266135705
2023-03-16,-0.014682215845073688
2023-03-17,-0.014866507923428196
2023-03-18,-0.015056101157135827
2023-03-19,0.008692792495886966
2023-03-20,0.0025379101461814268
2023-03-21,0.003956689543777262
2023-03-22,0.007932236074903561
2023-03-23,-0.016944362995023006
2023-03-24,-0.030267167434486916
2023-03-25,-0.015100118140584285
2023-03-26,-0.00887304502883854
2023-03-27,0.00977290042559915
2023-03-28,0.01731094405192377
2023-03-29,0.013423731943361992
2023-03-30,-0.018638582287579687
2023-03-31,-0.010799950316760176
2023-04-01,0.021566605003215927
2023-04-02,0.008903391279805419
2023-04-03,-0.0027191447061121125
2023-04-04,0.0014744892271612137
2023-04-05,-0.015354544669832661
2023-04-06,0.016872517380835214
2023-04-07,-0.0022062005001025017
2023-04-08,0.010044204234920218
2023-04-09,-0.0037782331036519757
2023-04-10,-0.021740965633008737
2023-04-11,-0.008809324895329764
2023-04-12,0.008101584985631207
2023-04-13,0.0014804764257286118
2023-04-14,0.012457494051895848
2023-04-15,0.0006491976594973183
2023-04-16,-0.004453406635736206
2023-04-17,-0.011086487629318163
2023-04-18,-0.002204072269520709
2023-04-19,-0.0017701974559320307
2023-04-20,0.014404897994229147
2023-04-21,-0.01754182088965294
2023-04-22,0.02097528738432419
2023-04-23,0.00958512258850438
2023-04-24,-0.0031101302519861594
2023-04-25,-0.01391617463454917
2023-04-26,0.0025226942635008407
2023-04-27,0.0070606975774355875
2023-04-28,-0.00792983457979686
2023-04-29,0.004804622383199843
2023-04-30,0.0025236056073200024
2023-05-01,0.01413712413354022
2023-05-02,0.003389022191724829
2023-05-03,0.008322965028690708
2023-05-04,-0.008197464903343502
2023-05-05,0.00594954534111116
2023-05-06,-0.009116131331241813
2023-05-07,0.006748147311688718
2023-05-08,-0.008455294299448747
2023-05-09,-0.005571789618624217
2023-05-10,-0.010157794409779502
2023-05-11,0.01615304451435089
2023-05-12,-0.0184043193211793
2023-05-13,0.01233879340639977
2023-05-14,-0.007176574498027247
2023-05-15,0.00044541431020958706
2023-05-16,0.01778085896964129
2023-05-17,0.00893091556247721
2023-05-18,-0.0292703559298018
2023-05-19,-0.0040407294967492536
2023-05-20,0.021389009409258673
2023-05-21,0.006077296347304608
2023-05-22,-0.0028882504191494254
2023-05-23,0.020509077739523266
2023-05-24,-0.002030036521766768
2023-05-25,0.0004107384872484459
2023-05-26,0.0057396215015795135
2023-05-27,0.004431096262919083
2023-05-28,-0.00013658124463048236
2023-05-29,0.007874047969278049
2023-05-30,0.002247846110914478
2023-05-31,-0.0003055608370237867
2023-06-01,0.004407448860503907
2023-06-02,-0.0038916973657149604
2023-06-03,0.005351323541688694
2023-06-04,-0.002417357137273713
2023-06-05,0.006124465631352162
2023-06-06,0.00297594542220553
2023-06-07,0.009264838302819663
2023-06-08,-0.008010336000582768
2023-06-09,0.0031965833387405077
2023-06-10,0.002691754151064894
2023-06-11,0.0013187318255256954
2023-06-12,0.017929887551914398
2023-06-13,-0.009887962274602218
2023-06-14,0.021894120240757098
2023-06-15,0.013478603491294316
2023-06-16,-0.004236509809505343
2023-06-17,-0.013764953263989844
2023-06-18,-0.0012579243449442109
2023-06-19,-0.006230845931531343
2023-06-20,0.004543629329621383
2023-06-21,0.007980659439907244
2023-06-22,0.009293252873127567
2023-06-23,-0.0025798287905895168
2023-06-24,-0.019424011636155886
2023-06-25,0.008425507332265112
2023-06-26,0.009740286527176335
2023-06-27,0.008642676553630036
2023-06-28,0.0014651492977133622
2023-06-29,0.004788977074107896
2023-06-30,0.014617951962797977
2023-07-01,-0.015659742362704603
2023-07-02,-0.00029208256625341643
2023-07-03,-0.02341496322465456
2023-07-04,-0.008086956336942853
2023-07-05,-0.010893890715396815
2023-07-06,-0.013703911062341652
2023-07-07,-0.0076670853194227805
2023-07-08,0.0011499531283940842
2023-07-09,0.007281152721057768
2023-07-10,-0.002006940382034884
2023-07-11,-0.003982311316753068
2023-07-12,0.008236303119629177
2023-07-13,-0.0014494569434727992
2023-07-14,0.0004652611700197229
2023-07-15,0.0037316300948875827
2023-07-16,-0.0006248578080796157
2023-07-17,0.014850592150037643
2023-07-18,0.011216172283574657
2023-07-19,0.010870428997388151
2023-07-20,-0.002341777567189282
2023-07-21,-0.006837912616744928
2023-07-22,-0.0022152078868740146
2023-07-23,0.0035953238864743883
2023-07-24,-0.007040702303688855
2023-07-25,-0.001918673403211322
2023-07-26,0.0008979943895083837
2023-07-27,0.007337157401533525
2023-07-28,-0.007931159765587134
2023-07-29,0.006546076132173297
2023-07-30,0.001062099708874669
2023-07-31,0.015073855143136522
2023-08-01,0.0029252561838724856
2023-08-02,0.008900597871939734
2023-08-03,0.005649870366755584
2023-08-04,-0.021954779983331032
2023-08-05,-0.0007885686290969227
2023-08-06,-0.0004297876832779379
2023-08-07,0.013130663897761286
2023-08-08,0.004278250238699011
2023-08-09,-0.02633389182940586
2023-08-10,0.009845901396014978
2023-08-11,0.006508074670853316
2023-08-12,0.0024442706414124597
2023-08-13,0.016366299908160464
2023-08-14,-0.001635949477320224
2023-08-15,0.0080706890219087
2023-08-16,0.02560589121541327
2023-08-17,-0.006382946636372794
2023-08-18,0.013155055699072158
2023-08-19,0.005808205550593904
2023-08-20,0.005271962941624699
2023-08-21,-0.002946532417049482
2023-08-22,0.005643627160022935
2023-08-23,-0.00840280782801277
2023-08-24,-0.006750659190618425
2023-08-25,0.012050255908412475
2023-08-26,0.011800700039608298
2023-08-27,-0.0009535254926706328
2023-08-28,-0.00024518064633263754
2023-08-29,-0.00712503505245248
2023-08-30,0.010197874651555291
2023-08-31,0.012423263411017071
2023-09-01,-0.016120886047000873
2023-09-02,-0.014814632420538048
2023-09-03,-0.0065110809336295155
2023-09-04,0.0004823533083634366
2023-09-05,0.003501789114003245
2023-09-06,0.014271446831090703
2023-09-07,-0.008197601280309502
2023-09-08,-0.005959699865238014
2023-09-09,7.70623776482793e-05
2023-09-10,0.018053536650811844
2023-09-11,0.004301136921944477
2023-09-12,-0.00495675314193371
2023-09-13,-0.005838562037435381
2023-09-14,0.00031074355311282365
2023-09-15,-0.007545255616047837
2023-09-16,0.011638125322013497
2023-09-17,0.00812978932449053
2023-09-18,-0.0112575111881534
2023-09-19,-0.0006415497248307383
2023-09-20,0.02082453550993859
2023-09-21,-0.007888072513076076
2023-09-22,0.006730990538036122
2023-09-23,0.00011844003950855058
2023-09-24,0.005919969487898308
2023-09-25,0.012172244857486456
2023-09-26,0.002378809787064424
2023-09-27,0.005351352442996831
2023-09-28,-0.019527451736192414
2023-09-29,-0.014751008954038206
2023-09-30,-0.003992691689897717
2023-10-01,-0.00617851979728015
2023-10-02,0.015023784265476197
2023-10-03,0.00365575568197153
2023-10-04,-0.004124387286415737
2023-10-05,-0.012002972741746372
2023-10-06,0.01177936302711718
2023-10-07,0.015704416673791226
2023-10-08,0.03154524856815555
2023-10-09,1.410672813790425e-05
2023-10-10,0.006218236362661803
2023-10-11,0.007393497448853798
2023-10-12,0.0013214383828173064
2023-10-13,0.008227173345371024
2023-10-14,0.0010531035223045602
2023-10-15,0.012221436834584662
2023-10-16,0.001781705484383396
2023-10-17,-0.010129738271526101
2023-10-18,-0.0010295977760038572
2023-10-19,0.01956686799935839
2023-10-20,0.017447321364186114
2023-10-21,0.004596886595724423
2023-10-22,0.011033412255748023
2023-10-23,0.004739670061834858
2023-10-24,0.015446266420840309
2023-10-25,0.0024372241993165333
2023-10-26,0.006488732254560938
2023-10-27,-0.011857185399590589
2023-10-28,0.010206690140112577
2023-10-29,-0.0037850944119970356
2023-10-30,0.0033990595398823652
2023-10-31,0.027185096041809746
2023-11-01,-0.0008843715028560165
2023-11-02,-0.012459097172697711
2023-11-03,-0.009695820706560424
2023-11-04,0.006202425290134416
2023-11-05,-0.008104533200556468
2023-11-06,0.00243841458406717
2023-11-07,0.006898500298626594
2023-11-08,0.015511115515014287
2023-11-09,0.012363950905243505
2023-11-10,0.0011607737320057097
2023-11-11,-0.009178385175189673
2023-11-12,0.011659351193259546
2023-11-13,0.005231443623687991
2023-11-14,-0.009225660850026764
2023-11-15,0.00011019026393084398
2023-11-16,-0.009572161756613233
2023-11-17,0.0007367770459421586
2023-11-18,-0.006382635254074987
2023-11-19,0.008603618045657952
2023-11-20,0.006866426147107099
2023-11-21,-0.0003458885506892239
2023-11-22,-0.011583336026327305
2023-11-23,0.0042651185114529625
2023-11-24,-0.012237818642737994
2023-11-25,0.0009406279956822867
2023-11-26,-0.0089004523993254
2023-11-27,-0.0040964642741332866
2023-11-28,-0.009244457055717465
2023-11-29,0.0057749323322766975
2023-11-30,-0.005047689152764419
2023-12-01,-0.003018788041291047
2023-12-02,-0.014174986876875238
2023-12-03,-0.00526606935683062
2023-12-04,-0.0050426099583823145
2023-12-05,-0.009294759337731714
2023-12-06,-0.007212283221415639
2023-12-07,-0.0050319604377801275
2023-12-08,-0.010860624329923423
2023-12-09,0.006515340348093904
2023-12-10,0.004894874836283246
2023-12-11,0.007896390376333603
2023-12-12,-0.0058396930376013526
2023-12-13,-0.023429399470943277
2023-12-14,0.013486765695933494
2023-12-15,0.0006307557262779028
2023-12-16,-0.004271805296770905
2023-12-17,-0.01199780007815233
2023-12-18,-0.007662920046471946
2023-12-19,-0.006151719655750914
2023-12-20,0.004569558156048194
2023-12-21,0.009820682770077015
2023-12-22,-0.018329996576815933
2023-12-23,-0.014331175834366364
2023-12-24,0.016687964314075585
2023-12-25,-0.0019797076807846667
2023-12-26,0.0032551870446577104
2023-12-27,0.006014201222335673
2023-12-28,0.005785858101347928
2023-12-29,0.01421195513396479
2023-12-30,-0.002840922054631655
2023-12-31,-0.012797859048998442
2024-01-01,-0.008256914103837333
2024-01-02,-0.004536697728111713
2024-01-03,0.016465552591779526
2024-01-04,-0.013368649794716005
2024-01-05,0.010145736690744976
2024-01-06,0.0019996227316988542
2024-01-07,0.015465623959387656
2024-01-08,0.004261094915487378
2024-01-09,0.005825067681483067
2024-01-10,0.02211335511236678
2024-01-11,0.00015134475965600567
2024-01-12,0.015368788182921722
2024-01-13,0.0009845345922009367
2024-01-14,0.002880718347913842
2024-01-15,0.004784451631987358
2024-01-16,-0.00031876271738063845
2024-01-17,-0.0008603559245580212
2024-01-18,-0.003072224466460242
2024-01-19,-0.004953617969897754
2024-01-20,-0.009209021466942817
2024-01-21,-0.007329592648804672
2024-01-22,0.01034998850228968
2024-01-23,0.01269505216728578
2024-01-24,0.005502850176236492
2024-01-25,-0.0027030087398218143
2024-01-26,-0.011680125265475879
2024-01-27,0.00282765541582127
2024-01-28,-0.015651795942534782
2024-01-29,-0.004404040611013777
2024-01-30,0.028610408406203453
2024-01-31,-0.008395592526497988
2024-02-01,-0.0031494528288001666
2024-02-02,0.006281961004617159
2024-02-03,-0.0028797408891180973
2024-02-04,0.01564082508999795
2024-02-05,-0.014600153635634038
2024-02-06,0.001731159143376413
2024-02-07,-0.016590127680087274
2024-02-08,-0.017423648694809994
2024-02-09,0.014693354033204566
2024-02-10,0.011602581478195328
2024-02-11,0.002240336753042499
2024-02-12,-0.015258004810815554
2024-02-13,0.0044665761809840766
2024-02-14,0.0026492712654528783
2024-02-15,-0.0007021174642306729
2024-02-16,-0.0021983080442118702
2024-02-17,0.014244578826220036
2024-02-18,-0.008784098586571263
2024-02-19,0.011103547546680139
2024-02-20,0.005646124401350095
2024-02-21,-0.004033572732803756
2024-02-22,0.005678302421573231
2024-02-23,-0.012064798708273655
2024-02-24,-0.010200235962917263
2024-02-25,0.0082391738099748
2024-02-26,-0.011536196986177596
2024-02-27,0.015789501254228146
2024-02-28,-0.010907664817426426
2024-02-29,-0.003683253804800079
2024-03-01,-0.009947773995924716
2024-03-02,0.0038739222016214905
2024-03-03,0.010033464341646469
2024-03-04,0.008853580238777251
2024-03-05,0.003724532931912206
2024-03-06,0.0037773410914385343
2024-03-07,0.008827619761977776
2024-03-08,-1.4920739722466521e-05
2024-03-09,-0.001150205590343957
2024-03-10,0.004440098666503911
2024-03-11,-0.010156371661303572
2024-03-12,-0.00360264812108042
2024-03-13,0.003541288560386676
2024-03-14,0.013071518853381387
2024-03-15,0.008777411993699054
2024-03-16,0.004762476523788554
2024-03-17,-0.0012612795012461513
2024-03-18,0.006995931098204336
2024-03-19,0.00763758995665674
2024-03-20,-0.011479963826096158
2024-03-21,0.010310193081244236
2024-03-22,0.001305704194891703
2024-03-23,0.0056618920612891985
2024-03-24,0.015424088983320037
2024-03-25,0.0010585845178810967
2024-03-26,0.006636517576761821
2024-03-27,-0.019204671492861064
2024-03-28,0.005063880277804734
2024-03-29,-0.0029690000652431514
2024-03-30,-0.011754482037052197
2024-03-31,-0.005165261745562697
2024-04-01,-0.012420190028896438
2024-04-02,-0.0037276487797057176
2024-04-03,-0.008039441978563575
2024-04-04,0.001416552896299823
2024-04-05,0.005848400641762898
2024-04-06,0.010872366102906312
2024-04-07,-0.006329448531105804
2024-04-08,0.015400575247576456
2024-04-09,-0.008915293988151291
2024-04-10,0.005390904556848257
2024-04-11,0.00861545815649915
2024-04-12,0.0011876084225002752
2024-04-13,-0.006840155482270312
2024-04-14,-0.011323473121321037
2024-04-15,0.014241329195718138
2024-04-16,0.018046117104993924
2024-04-17,-0.003510583539393214
2024-04-18,0.007261993447612909
2024-04-19,-0.01805137049307129
2024-04-20,0.008536273308008737
2024-04-21,0.012025225402886105
2024-04-22,-0.013690856096158147
2024-04-23,-0.01245907851979846
2024-04-24,-0.011846598594638711
2024-04-25,-0.004024940368107446
2024-04-26,0.01215570702914237
2024-04-27,0.008492573403730134
2024-04-28,-0.009319730177565207
2024-04-29,-0.010438025410321974
2024-04-30,0.00033960905774334303
2024-05-01,0.01330170802652604
2024-05-02,-0.021280603863172456
2024-05-03,0.0014557390134919944
2024-05-04,0.008527657588824641
2024-05-05,0.009252714199003198
2024-05-06,-0.005984219290817302
2024-05-07,-0.003115103107138705
2024-05-08,-0.002335068639911358
2024-05-09,0.004038047757666944
2024-05-10,-0.005010699303581443
2024-05-11,0.01149870968710614
2024-05-12,0.017687849735410294
2024-05-13,0.001526864638598218
2024-05-14,0.018082783924209863
2024-05-15,-0.0077322267318467915
2024-05-16,0.0017498322772587368
2024-05-17,-0.003332311509122982
2024-05-18,-0.005340154418303716
2024-05-19,0.006013239229721524
2024-05-20,-0.001797884106776336
2024-05-21,0.015093372013396207
2024-05-22,-0.008705617606477223
2024-05-23,-0.021423071180324504
2024-05-24,0.007176925482633985
2024-05-25,0.01202029891194722
2024-05-26,0.023662025176090402
2024-05-27,-0.015995268733678267
2024-05-28,-0.0100188665897858
2024-05-29,0.019899901955776556
2024-05-30,-0.00429912357143881
2024-05-31,-0.006430930271916673
2024-06-01,0.008903522644821549
2024-06-02,0.01193793834684191
2024-06-03,0.012466188096520366
2024-06-04,0.018053763706248574
2024-06-05,0.011917303403409187
2024-06-06,-0.011941531246605304
2024-06-07,0.011247772219207768
2024-06-08,0.015688789479652007
2024-06-09,0.024564739914046153
2024-06-10,-0.023778722462402986
2024-06-11,0.005925847344228996
2024-06-12,0.012647828453176609
2024-06-13,0.0023480874902775412
2024-06-14,0.005286326560235343
2024-06-15,-0.0008056721204985351
2024-06-16,0.015056540496502535
2024-06-17,-0.013388853032712656
2024-06-18,0.00022852802729892287
2024-06-19,0.017503307455103815
2024-06-20,-0.0018737198893761706
2024-06-21,-0.011980545017517136
2024-06-22,0.020216791350724312
2024-06-23,-0.0009905690644039693
2024-06-24,-0.0009740034456606757
2024-06-25,-0.014561220645193121
2024-06-26,-0.0025090542271030344
2024-06-27,0.014037280360630677
2024-06-28,0.013323801172709183
2024-06-29,-0.010134856687534511
2024-06-30,0.005069570103056491
2024-07-01,0.009986227804227761
2024-07-02,0.008170333685367613
2024-07-03,-0.021634332799256615
2024-07-04,0.00156033100431638
2024-07-05,0.004423308585817474
2024-07-06,0.010029765815061018
2024-07-07,-0.002770669072659456
2024-07-08,0.0005307734862396447
2024-07-09,-0.001889352975161969
2024-07-10,-0.009128729158586688
2024-07-11,0.007980058083400902
2024-07-12,-0.004249465446234579
2024-07-13,-0.005118993429140493
2024-07-14,9.377844123374901e-05
2024-07-15,0.004710921116260226
2024-07-16,-0.005481290820466995
2024-07-17,-0.0021380244083942807
2024-07-18,0.002692809241663204
2024-07-19,0.005341295370520152
2024-07-20,0.004899445501351106
2024-07-21,0.0010799641186172455
2024-07-22,0.019442473273054525
2024-07-23,0.01239239716455495
2024-07-24,-0.0010774573518569496
2024-07-25,0.004171679659708254
2024-07-26,-0.00015706022277729253
2024-07-27,0.0022029256651837988
2024-07-28,0.017696235016356414
2024-07-29,0.012294405349691945
2024-07-30,0.012088711158425353
2024-07-31,0.009314303786793906
2024-08-01,0.013573761340039658
2024-08-02,0.015096526873284014
2024-08-03,0.0008209705840054595
2024-08-04,-0.0303894642564404
2024-08-05,0.01877599475152926
2024-08-06,0.003706642255045343
2024-08-07,-0.006443675749032222
2024-08-08,-0.004117562198445048
2024-08-09,0.003414570286294343
2024-08-10,0.015846645034323644
2024-08-11,0.0006094692589405964
2024-08-12,-0.017303503239685963
2024-08-13,0.022403961752261132
2024-08-14,0.008098612686576846
2024-08-15,-0.0028637439156105507
2024-08-16,-0.011818867684228974
2024-08-17,-0.012685523553644319
2024-08-18,0.004979010649444812
2024-08-19,0.01038130225424009
2024-08-20,-0.007728881614823324
2024-08-21,-0.02680433499844314
2024-08-22,0.0030903657013312234
2024-08-23,0.006077219815267816
2024-08-24,-0.007981414873895485
2024-08-25,0.004897341430110106
2024-08-26,-0.004281631365938188
2024-08-27,0.0021731189228654853
2024-08-28,0.0030773171580994016
2024-08-29,-0.010402689934037377
2024-08-30,0.007535774240144407
2024-08-31,0.008148024342822269
2024-09-01,0.00592841435116019
2024-09-02,0.012180108070910823
2024-09-03,-0.0018963142866156024
2024-09-04,-0.011648987614731944
2024-09-05,0.01039109219033161
2024-09-06,0.00423851301348223
2024-09-07,-0.010145198491707221
2024-09-08,0.005020298237704489
2024-09-09,0.009578576660467316
2024-09-10,0.004092577923111881
2024-09-11,0.005425996729655424
2024-09-12,-0.010852348374793468
2024-09-13,0.003242169542357455
2024-09-14,0.0009247555014029441
2024-09-15,-0.01108864506698268
2024-09-16,0.011029978134105405
2024-09-17,-0.006813285079323735
2024-09-18,0.009031890302412087
2024-09-19,-0.01072910955682844
2024-09-20,0.0027735520416157246
2024-09-21,-0.006189474458219775
2024-09-22,-0.007851988546142306
2024-09-23,0.013255979518268776
2024-09-24,0.01122094053452535
2024-09-25,0.0178923635233363
2024-09-26,-0.003958161775597124
2024-09-27,0.00036511317383851924
2024-09-28,0.015108169251253092
2024-09-29,-0.007191636561067589
2024-09-30,0.00958754411754036
2024-10-01,0.010408441941126848
2024-10-02,0.008723491980135039
2024-10-03,-0.011554404127821065
2024-10-04,-0.010640836098300657
2024-10-05,0.008397543577623238
2024-10-06,-0.0018053510165315762
2024-10-07,-0.0016135636227116866
2024-10-08,0.010527905242619665
2024-10-09,-0.00396047634871039
2024-10-10,-0.011248836789632271
2024-10-11,-0.0008154820424808489
2024-10-12,-0.005789433905731773
2024-10-13,-0.005560427452365698
2024-10-14,-0.01040051439389659
2024-10-15,-0.002149564432702367
2024-10-16,-0.008750072326019459
2024-10-17,-0.002338126437844488
2024-10-18,0.015288951476516438
2024-10-19,-0.022327194156213644
2024-10-20,0.009676513429318193
2024-10-21,-0.0027600764588204484
2024-10-22,-0.011111050414528723
2024-10-23,0.010668930977809294
2024-10-24,-0.01069464156321789
2024-10-25,0.0031029079146798824
2024-10-26,0.0012227166751124874
2024-10-27,-0.002729278699643038
2024-10-28,-0.012786050990073234
2024-10-29,-0.009983334012153296
2024-10-30,-0.013863207146518527
2024-10-31,-0.0041669062231323925
2024-11-01,0.015397287861702332
2024-11-02,0.0009133137653431508
2024-11-03,0.0006092535256995658
2024-11-04,-0.0070522192572745265
2024-11-05,-0.004135761340219147
2024-11-06,0.001825215371022899
2024-11-07,0.008415872486020767
2024-11-08,0.01860787520715643
2024-11-09,-0.0016520425734224398
2024-11-10,-0.005614007695408115
2024-11-11,-0.002953226769661319
2024-11-12,0.009892770802026041
2024-11-13,-0.0018025661453305187
2024-11-14,0.0010044223137982585
2024-11-15,0.005315208168302175
2024-11-16,-0.016560531285232268
2024-11-17,-0.002584862015892272
2024-11-18,0.004796529311638727
2024-11-19,-0.0017891932141115186
2024-11-20,-0.011957058760316582
2024-11-21,-0.0031103049355349324
2024-11-22,0.002829262798616445
2024-11-23,-0.00614997737007493
2024-11-24,-0.01301923886089029
2024-11-25,0.017913439440142707
2024-11-26,0.0035827901429588333
2024-11-27,-0.0009282546772739547
2024-11-28,-0.012612175223536307
2024-11-29,-0.0067481215280902574
2024-11-30,0.0130737373706356
2024-12-01,-0.0045647277149146286
2024-12-02,-0.01001738274186235
2024-12-03,-0.0005393264335951367
2024-12-04,0.004369674137743251
2024-12-05,-0.017553416014577824
2024-12-06,0.02224402777563517
2024-12-07,-0.002781628253334676
2024-12-08,0.0012342277549139897
2024-12-09,0.026673084647362674
2024-12-10,0.013511028187070092
2024-12-11,0.0032784903230559216
2024-12-12,-0.015339425255297858
2024-12-13,0.002046800915870327
2024-12-14,-0.011557519623963829
2024-12-15,-0.0014647694157283661
2024-12-16,0.010424528821178327
2024-12-17,0.017552552470428345
2024-12-18,0.0045049725149675065
2024-12-19,0.004849711873790416
2024-12-20,0.01972171606053848
2024-12-21,0.0016860476063594826
2024-12-22,0.00505954852134977
2024-12-23,-0.004658510928122362
2024-12-24,-0.007607833637784172
2024-12-25,-0.0011464038566016458
2024-12-26,0.008184699403922475
2024-12-27,-0.0014720862603465512
2024-12-28,-0.0023846460743815216
2024-12-29,0.005013713396345862
2024-12-30,-0.007528165167850464
2024-12-31,-0.005234525785285976
2025-01-01,-0.024238674979787843
